URL,Congress
https://www.gpo.gov/fdsys/search/pagedetails.action?sr=1&originalSearch=collection%3ACRPT&st=collection%3ACRPT&ps=100&na=_congressnum&se=_104true&sb=re&timeFrame=&dateBrowse=&govAuthBrowse=&collection=&historical=true&granuleId=CRPT-104hrpt882&packageId=CRPT-104hrpt882&fromState=,104
https://www.gpo.gov/fdsys/search/pagedetails.action?sr=1&originalSearch=collection%3ACRPT&st=collection%3ACRPT&ps=100&na=_congressnum&se=_104true&sb=re&timeFrame=&dateBrowse=&govAuthBrowse=&collection=&historical=true&granuleId=CRPT-104hrpt874&packageId=CRPT-104hrpt874&fromState=,104
https://www.gpo.gov/fdsys/search/pagedetails.action?sr=1&originalSearch=collection%3ACRPT&st=collection%3ACRPT&ps=100&na=_congressnum&se=_104true&sb=re&timeFrame=&dateBrowse=&govAuthBrowse=&collection=&historical=true&granuleId=CRPT-104hrpt877&packageId=CRPT-104hrpt877&fromState=,104
https://www.gpo.gov/fdsys/search/pagedetails.action?sr=1&originalSearch=collection%3ACRPT&st=collection%3ACRPT&ps=100&na=_congressnum&se=_104true&sb=re&timeFrame=&dateBrowse=&govAuthBrowse=&collection=&historical=true&granuleId=CRPT-104hrpt878&packageId=CRPT-104hrpt878&fromState=,104
https://www.gpo.gov/fdsys/search/pagedetails.action?sr=1&originalSearch=collection%3ACRPT&st=collection%3ACRPT&ps=100&na=_congressnum&se=_104true&sb=re&timeFrame=&dateBrowse=&govAuthBrowse=&collection=&historical=true&granuleId=CRPT-104hrpt883&packageId=CRPT-104hrpt883&fromState=,104
https://www.gpo.gov/fdsys/search/pagedetails.action?sr=1&originalSearch=collection%3ACRPT&st=collection%3ACRPT&ps=100&na=_congressnum&se=_104true&sb=re&timeFrame=&dateBrowse=&govAuthBrowse=&collection=&historical=true&granuleId=CRPT-104hrpt885&packageId=CRPT-104hrpt885&fromState=,104
https://www.gpo.gov/fdsys/search/pagedetails.action?sr=1&originalSearch=collection%3ACRPT&st=collection%3ACRPT&ps=100&na=_congressnum&se=_104true&sb=re&timeFrame=&dateBrowse=&govAuthBrowse=&collection=&historical=true&granuleId=CRPT-104hrpt875&packageId=CRPT-104hrpt875&fromState=,104
https://www.gpo.gov/fdsys/search/pagedetails.action?sr=1&originalSearch=collection%3ACRPT&st=collection%3ACRPT&ps=100&na=_congressnum&se=_104true&sb=re&timeFrame=&dateBrowse=&govAuthBrowse=&collection=&historical=true&granuleId=CRPT-104hrpt879&packageId=CRPT-104hrpt879&fromState=,104
https://www.gpo.gov/fdsys/search/pagedetails.action?sr=1&originalSearch=collection%3ACRPT&st=collection%3ACRPT&ps=100&na=_congressnum&se=_104true&sb=re&timeFrame=&dateBrowse=&govAuthBrowse=&collection=&historical=true&granuleId=CRPT-104hrpt880&packageId=CRPT-104hrpt880&fromState=,104
https://www.gpo.gov/fdsys/search/pagedetails.action?sr=1&originalSearch=collection%3ACRPT&st=collection%3ACRPT&ps=100&na=_congressnum&se=_104true&sb=re&timeFrame=&dateBrowse=&govAuthBrowse=&collection=&historical=true&granuleId=CRPT-104hrpt881&packageId=CRPT-104hrpt881&fromState=,104
https://www.gpo.gov/fdsys/search/pagedetails.action?sr=1&originalSearch=collection%3ACRPT&st=collection%3ACRPT&ps=100&na=_congressnum&se=_104true&sb=re&timeFrame=&dateBrowse=&govAuthBrowse=&collection=&historical=true&granuleId=CRPT-104hrpt887&packageId=CRPT-104hrpt887&fromState=,104
https://www.gpo.gov/fdsys/search/pagedetails.action?sr=1&originalSearch=collection%3ACRPT&st=collection%3ACRPT&ps=100&na=_congressnum&se=_104true&sb=re&timeFrame=&dateBrowse=&govAuthBrowse=&collection=&historical=true&granuleId=CRPT-104hrpt876&packageId=CRPT-104hrpt876&fromState=,104
https://www.gpo.gov/fdsys/search/pagedetails.action?sr=1&originalSearch=collection%3ACRPT&st=collection%3ACRPT&ps=100&na=_congressnum&se=_104true&sb=re&timeFrame=&dateBrowse=&govAuthBrowse=&collection=&historical=true&granuleId=CRPT-104hrpt884&packageId=CRPT-104hrpt884&fromState=,104
https://www.gpo.gov/fdsys/search/pagedetails.action?sr=1&originalSearch=collection%3ACRPT&st=collection%3ACRPT&ps=100&na=_congressnum&se=_104true&sb=re&timeFrame=&dateBrowse=&govAuthBrowse=&collection=&historical=true&granuleId=CRPT-104hrpt886&packageId=CRPT-104hrpt886&fromState=,104
https://www.gpo.gov/fdsys/search/pagedetails.action?sr=1&originalSearch=collection%3ACRPT&st=collection%3ACRPT&ps=100&na=_congressnum&se=_104true&sb=re&timeFrame=&dateBrowse=&govAuthBrowse=&collection=&historical=true&granuleId=CRPT-104hrpt873&packageId=CRPT-104hrpt873&fromState=,104
https://www.gpo.gov/fdsys/search/pagedetails.action?sr=1&originalSearch=collection%3ACRPT&st=collection%3ACRPT&ps=100&na=_congressnum&se=_104true&sb=re&timeFrame=&dateBrowse=&govAuthBrowse=&collection=&historical=true&granuleId=CRPT-104hrpt871&packageId=CRPT-104hrpt871&fromState=,104
https://www.gpo.gov/fdsys/search/pagedetails.action?sr=1&originalSearch=collection%3ACRPT&st=collection%3ACRPT&ps=100&na=_congressnum&se=_104true&sb=re&timeFrame=&dateBrowse=&govAuthBrowse=&collection=&historical=true&granuleId=CRPT-104hrpt872&packageId=CRPT-104hrpt872&fromState=,104
https://www.gpo.gov/fdsys/search/pagedetails.action?sr=1&originalSearch=collection%3ACRPT&st=collection%3ACRPT&ps=100&na=_congressnum&se=_104true&sb=re&timeFrame=&dateBrowse=&govAuthBrowse=&collection=&historical=true&granuleId=CRPT-104hrpt870&packageId=CRPT-104hrpt870&fromState=,104
https://www.gpo.gov/fdsys/search/pagedetails.action?sr=1&originalSearch=collection%3ACRPT&st=collection%3ACRPT&ps=100&na=_congressnum&se=_104true&sb=re&timeFrame=&dateBrowse=&govAuthBrowse=&collection=&historical=true&granuleId=CRPT-104hrpt869&packageId=CRPT-104hrpt869&fromState=,104
https://www.gpo.gov/fdsys/search/pagedetails.action?sr=1&originalSearch=collection%3ACRPT&st=collection%3ACRPT&ps=100&na=_congressnum&se=_104true&sb=re&timeFrame=&dateBrowse=&govAuthBrowse=&collection=&historical=true&granuleId=CRPT-104hrpt868&packageId=CRPT-104hrpt868&fromState=,104
https://www.gpo.gov/fdsys/search/pagedetails.action?sr=1&originalSearch=collection%3ACRPT&st=collection%3ACRPT&ps=100&na=_congressnum&se=_104true&sb=re&timeFrame=&dateBrowse=&govAuthBrowse=&collection=&historical=true&granuleId=CRPT-104srpt398&packageId=CRPT-104srpt398&fromState=,104
https://www.gpo.gov/fdsys/search/pagedetails.action?sr=1&originalSearch=collection%3ACRPT&st=collection%3ACRPT&ps=100&na=_congressnum&se=_104true&sb=re&timeFrame=&dateBrowse=&govAuthBrowse=&collection=&historical=true&granuleId=CRPT-104hrpt867-pt1&packageId=CRPT-104hrpt867&fromState=,104
https://www.gpo.gov/fdsys/search/pagedetails.action?sr=1&originalSearch=collection%3ACRPT&st=collection%3ACRPT&ps=100&na=_congressnum&se=_104true&sb=re&timeFrame=&dateBrowse=&govAuthBrowse=&collection=&historical=true&granuleId=CRPT-104hrpt866&packageId=CRPT-104hrpt866&fromState=,104
https://www.gpo.gov/fdsys/search/pagedetails.action?sr=1&originalSearch=collection%3ACRPT&st=collection%3ACRPT&ps=100&na=_congressnum&se=_104true&sb=re&timeFrame=&dateBrowse=&govAuthBrowse=&collection=&historical=true&granuleId=CRPT-104srpt396&packageId=CRPT-104srpt396&fromState=,104
https://www.gpo.gov/fdsys/search/pagedetails.action?sr=1&originalSearch=collection%3ACRPT&st=collection%3ACRPT&ps=100&na=_congressnum&se=_104true&sb=re&timeFrame=&dateBrowse=&govAuthBrowse=&collection=&historical=true&granuleId=CRPT-104srpt397&packageId=CRPT-104srpt397&fromState=,104
https://www.gpo.gov/fdsys/search/pagedetails.action?sr=1&originalSearch=collection%3ACRPT&st=collection%3ACRPT&ps=100&na=_congressnum&se=_104true&sb=re&timeFrame=&dateBrowse=&govAuthBrowse=&collection=&historical=true&granuleId=CRPT-104srpt394&packageId=CRPT-104srpt394&fromState=,104
https://www.gpo.gov/fdsys/search/pagedetails.action?sr=1&originalSearch=collection%3ACRPT&st=collection%3ACRPT&ps=100&na=_congressnum&se=_104true&sb=re&timeFrame=&dateBrowse=&govAuthBrowse=&collection=&historical=true&granuleId=CRPT-104srpt393&packageId=CRPT-104srpt393&fromState=,104
https://www.gpo.gov/fdsys/search/pagedetails.action?sr=1&originalSearch=collection%3ACRPT&st=collection%3ACRPT&ps=100&na=_congressnum&se=_104true&sb=re&timeFrame=&dateBrowse=&govAuthBrowse=&collection=&historical=true&granuleId=CRPT-104srpt395&packageId=CRPT-104srpt395&fromState=,104
https://www.gpo.gov/fdsys/search/pagedetails.action?sr=1&originalSearch=collection%3ACRPT&st=collection%3ACRPT&ps=100&na=_congressnum&se=_104true&sb=re&timeFrame=&dateBrowse=&govAuthBrowse=&collection=&historical=true&granuleId=CRPT-104srpt376&packageId=CRPT-104srpt376&fromState=,104
https://www.gpo.gov/fdsys/search/pagedetails.action?sr=1&originalSearch=collection%3ACRPT&st=collection%3ACRPT&ps=100&na=_congressnum&se=_104true&sb=re&timeFrame=&dateBrowse=&govAuthBrowse=&collection=&historical=true&granuleId=CRPT-104srpt383&packageId=CRPT-104srpt383&fromState=,104
https://www.gpo.gov/fdsys/search/pagedetails.action?sr=1&originalSearch=collection%3ACRPT&st=collection%3ACRPT&ps=100&na=_congressnum&se=_104true&sb=re&timeFrame=&dateBrowse=&govAuthBrowse=&collection=&historical=true&granuleId=CRPT-104srpt384&packageId=CRPT-104srpt384&fromState=,104
https://www.gpo.gov/fdsys/search/pagedetails.action?sr=1&originalSearch=collection%3ACRPT&st=collection%3ACRPT&ps=100&na=_congressnum&se=_104true&sb=re&timeFrame=&dateBrowse=&govAuthBrowse=&collection=&historical=true&granuleId=CRPT-104srpt388&packageId=CRPT-104srpt388&fromState=,104
https://www.gpo.gov/fdsys/search/pagedetails.action?sr=1&originalSearch=collection%3ACRPT&st=collection%3ACRPT&ps=100&na=_congressnum&se=_104true&sb=re&timeFrame=&dateBrowse=&govAuthBrowse=&collection=&historical=true&granuleId=CRPT-104srpt392&packageId=CRPT-104srpt392&fromState=,104
https://www.gpo.gov/fdsys/search/pagedetails.action?sr=1&originalSearch=collection%3ACRPT&st=collection%3ACRPT&ps=100&na=_congressnum&se=_104true&sb=re&timeFrame=&dateBrowse=&govAuthBrowse=&collection=&historical=true&granuleId=CRPT-104srpt385&packageId=CRPT-104srpt385&fromState=,104
https://www.gpo.gov/fdsys/search/pagedetails.action?sr=1&originalSearch=collection%3ACRPT&st=collection%3ACRPT&ps=100&na=_congressnum&se=_104true&sb=re&timeFrame=&dateBrowse=&govAuthBrowse=&collection=&historical=true&granuleId=CRPT-104srpt386&packageId=CRPT-104srpt386&fromState=,104
https://www.gpo.gov/fdsys/search/pagedetails.action?sr=1&originalSearch=collection%3ACRPT&st=collection%3ACRPT&ps=100&na=_congressnum&se=_104true&sb=re&timeFrame=&dateBrowse=&govAuthBrowse=&collection=&historical=true&granuleId=CRPT-104srpt377&packageId=CRPT-104srpt377&fromState=,104
https://www.gpo.gov/fdsys/search/pagedetails.action?sr=1&originalSearch=collection%3ACRPT&st=collection%3ACRPT&ps=100&na=_congressnum&se=_104true&sb=re&timeFrame=&dateBrowse=&govAuthBrowse=&collection=&historical=true&granuleId=CRPT-104srpt387&packageId=CRPT-104srpt387&fromState=,104
https://www.gpo.gov/fdsys/search/pagedetails.action?sr=1&originalSearch=collection%3ACRPT&st=collection%3ACRPT&ps=100&na=_congressnum&se=_104true&sb=re&timeFrame=&dateBrowse=&govAuthBrowse=&collection=&historical=true&granuleId=CRPT-104srpt391&packageId=CRPT-104srpt391&fromState=,104
https://www.gpo.gov/fdsys/search/pagedetails.action?sr=1&originalSearch=collection%3ACRPT&st=collection%3ACRPT&ps=100&na=_congressnum&se=_104true&sb=re&timeFrame=&dateBrowse=&govAuthBrowse=&collection=&historical=true&granuleId=CRPT-104srpt381&packageId=CRPT-104srpt381&fromState=,104
https://www.gpo.gov/fdsys/search/pagedetails.action?sr=1&originalSearch=collection%3ACRPT&st=collection%3ACRPT&ps=100&na=_congressnum&se=_104true&sb=re&timeFrame=&dateBrowse=&govAuthBrowse=&collection=&historical=true&granuleId=CRPT-104srpt382&packageId=CRPT-104srpt382&fromState=,104
https://www.gpo.gov/fdsys/search/pagedetails.action?sr=1&originalSearch=collection%3ACRPT&st=collection%3ACRPT&ps=100&na=_congressnum&se=_104true&sb=re&timeFrame=&dateBrowse=&govAuthBrowse=&collection=&historical=true&granuleId=CRPT-104srpt375&packageId=CRPT-104srpt375&fromState=,104
https://www.gpo.gov/fdsys/search/pagedetails.action?sr=1&originalSearch=collection%3ACRPT&st=collection%3ACRPT&ps=100&na=_congressnum&se=_104true&sb=re&timeFrame=&dateBrowse=&govAuthBrowse=&collection=&historical=true&granuleId=CRPT-104srpt379&packageId=CRPT-104srpt379&fromState=,104
https://www.gpo.gov/fdsys/search/pagedetails.action?sr=1&originalSearch=collection%3ACRPT&st=collection%3ACRPT&ps=100&na=_congressnum&se=_104true&sb=re&timeFrame=&dateBrowse=&govAuthBrowse=&collection=&historical=true&granuleId=CRPT-104srpt390&packageId=CRPT-104srpt390&fromState=,104
https://www.gpo.gov/fdsys/search/pagedetails.action?sr=1&originalSearch=collection%3ACRPT&st=collection%3ACRPT&ps=100&na=_congressnum&se=_104true&sb=re&timeFrame=&dateBrowse=&govAuthBrowse=&collection=&historical=true&granuleId=CRPT-104srpt378&packageId=CRPT-104srpt378&fromState=,104
https://www.gpo.gov/fdsys/search/pagedetails.action?sr=1&originalSearch=collection%3ACRPT&st=collection%3ACRPT&ps=100&na=_congressnum&se=_104true&sb=re&timeFrame=&dateBrowse=&govAuthBrowse=&collection=&historical=true&granuleId=CRPT-104srpt380&packageId=CRPT-104srpt380&fromState=,104
https://www.gpo.gov/fdsys/search/pagedetails.action?sr=1&originalSearch=collection%3ACRPT&st=collection%3ACRPT&ps=100&na=_congressnum&se=_104true&sb=re&timeFrame=&dateBrowse=&govAuthBrowse=&collection=&historical=true&granuleId=CRPT-104srpt389&packageId=CRPT-104srpt389&fromState=,104
https://www.gpo.gov/fdsys/search/pagedetails.action?sr=1&originalSearch=collection%3ACRPT&st=collection%3ACRPT&ps=100&na=_congressnum&se=_104true&sb=re&timeFrame=&dateBrowse=&govAuthBrowse=&collection=&historical=true&granuleId=CRPT-104srpt374&packageId=CRPT-104srpt374&fromState=,104
https://www.gpo.gov/fdsys/search/pagedetails.action?sr=1&originalSearch=collection%3ACRPT&st=collection%3ACRPT&ps=100&na=_congressnum&se=_104true&sb=re&timeFrame=&dateBrowse=&govAuthBrowse=&collection=&historical=true&granuleId=CRPT-104srpt373&packageId=CRPT-104srpt373&fromState=,104
https://www.gpo.gov/fdsys/search/pagedetails.action?sr=1&originalSearch=collection%3ACRPT&st=collection%3ACRPT&ps=100&na=_congressnum&se=_104true&sb=re&timeFrame=&dateBrowse=&govAuthBrowse=&collection=&historical=true&granuleId=CRPT-104hrpt860&packageId=CRPT-104hrpt860&fromState=,104
https://www.gpo.gov/fdsys/search/pagedetails.action?sr=1&originalSearch=collection%3ACRPT&st=collection%3ACRPT&ps=100&na=_congressnum&se=_104true&sb=re&timeFrame=&dateBrowse=&govAuthBrowse=&collection=&historical=true&granuleId=CRPT-104hrpt863-pt1&packageId=CRPT-104hrpt863&fromState=,104
https://www.gpo.gov/fdsys/search/pagedetails.action?sr=1&originalSearch=collection%3ACRPT&st=collection%3ACRPT&ps=100&na=_congressnum&se=_104true&sb=re&timeFrame=&dateBrowse=&govAuthBrowse=&collection=&historical=true&granuleId=CRPT-104hrpt864&packageId=CRPT-104hrpt864&fromState=,104
https://www.gpo.gov/fdsys/search/pagedetails.action?sr=1&originalSearch=collection%3ACRPT&st=collection%3ACRPT&ps=100&na=_congressnum&se=_104true&sb=re&timeFrame=&dateBrowse=&govAuthBrowse=&collection=&historical=true&granuleId=CRPT-104hrpt859&packageId=CRPT-104hrpt859&fromState=,104
https://www.gpo.gov/fdsys/search/pagedetails.action?sr=1&originalSearch=collection%3ACRPT&st=collection%3ACRPT&ps=100&na=_congressnum&se=_104true&sb=re&timeFrame=&dateBrowse=&govAuthBrowse=&collection=&historical=true&granuleId=CRPT-104hrpt861&packageId=CRPT-104hrpt861&fromState=,104
https://www.gpo.gov/fdsys/search/pagedetails.action?sr=1&originalSearch=collection%3ACRPT&st=collection%3ACRPT&ps=100&na=_congressnum&se=_104true&sb=re&timeFrame=&dateBrowse=&govAuthBrowse=&collection=&historical=true&granuleId=CRPT-104hrpt862&packageId=CRPT-104hrpt862&fromState=,104
https://www.gpo.gov/fdsys/search/pagedetails.action?sr=1&originalSearch=collection%3ACRPT&st=collection%3ACRPT&ps=100&na=_congressnum&se=_104true&sb=re&timeFrame=&dateBrowse=&govAuthBrowse=&collection=&historical=true&granuleId=CRPT-104hrpt856&packageId=CRPT-104hrpt856&fromState=,104
https://www.gpo.gov/fdsys/search/pagedetails.action?sr=1&originalSearch=collection%3ACRPT&st=collection%3ACRPT&ps=100&na=_congressnum&se=_104true&sb=re&timeFrame=&dateBrowse=&govAuthBrowse=&collection=&historical=true&granuleId=CRPT-104hrpt854&packageId=CRPT-104hrpt854&fromState=,104
https://www.gpo.gov/fdsys/search/pagedetails.action?sr=1&originalSearch=collection%3ACRPT&st=collection%3ACRPT&ps=100&na=_congressnum&se=_104true&sb=re&timeFrame=&dateBrowse=&govAuthBrowse=&collection=&historical=true&granuleId=CRPT-104hrpt857&packageId=CRPT-104hrpt857&fromState=,104
https://www.gpo.gov/fdsys/search/pagedetails.action?sr=1&originalSearch=collection%3ACRPT&st=collection%3ACRPT&ps=100&na=_congressnum&se=_104true&sb=re&timeFrame=&dateBrowse=&govAuthBrowse=&collection=&historical=true&granuleId=CRPT-104hrpt858&packageId=CRPT-104hrpt858&fromState=,104
https://www.gpo.gov/fdsys/search/pagedetails.action?sr=1&originalSearch=collection%3ACRPT&st=collection%3ACRPT&ps=100&na=_congressnum&se=_104true&sb=re&timeFrame=&dateBrowse=&govAuthBrowse=&collection=&historical=true&granuleId=CRPT-104hrpt855&packageId=CRPT-104hrpt855&fromState=,104
https://www.gpo.gov/fdsys/search/pagedetails.action?sr=1&originalSearch=collection%3ACRPT&st=collection%3ACRPT&ps=100&na=_congressnum&se=_104true&sb=re&timeFrame=&dateBrowse=&govAuthBrowse=&collection=&historical=true&granuleId=CRPT-104hrpt846&packageId=CRPT-104hrpt846&fromState=,104
https://www.gpo.gov/fdsys/search/pagedetails.action?sr=1&originalSearch=collection%3ACRPT&st=collection%3ACRPT&ps=100&na=_congressnum&se=_104true&sb=re&timeFrame=&dateBrowse=&govAuthBrowse=&collection=&historical=true&granuleId=CRPT-104hrpt850&packageId=CRPT-104hrpt850&fromState=,104
https://www.gpo.gov/fdsys/search/pagedetails.action?sr=1&originalSearch=collection%3ACRPT&st=collection%3ACRPT&ps=100&na=_congressnum&se=_104true&sb=re&timeFrame=&dateBrowse=&govAuthBrowse=&collection=&historical=true&granuleId=CRPT-104hrpt848&packageId=CRPT-104hrpt848&fromState=,104
https://www.gpo.gov/fdsys/search/pagedetails.action?sr=1&originalSearch=collection%3ACRPT&st=collection%3ACRPT&ps=100&na=_congressnum&se=_104true&sb=re&timeFrame=&dateBrowse=&govAuthBrowse=&collection=&historical=true&granuleId=CRPT-104hrpt849&packageId=CRPT-104hrpt849&fromState=,104
https://www.gpo.gov/fdsys/search/pagedetails.action?sr=1&originalSearch=collection%3ACRPT&st=collection%3ACRPT&ps=100&na=_congressnum&se=_104true&sb=re&timeFrame=&dateBrowse=&govAuthBrowse=&collection=&historical=true&granuleId=CRPT-104hrpt851&packageId=CRPT-104hrpt851&fromState=,104
https://www.gpo.gov/fdsys/search/pagedetails.action?sr=1&originalSearch=collection%3ACRPT&st=collection%3ACRPT&ps=100&na=_congressnum&se=_104true&sb=re&timeFrame=&dateBrowse=&govAuthBrowse=&collection=&historical=true&granuleId=CRPT-104hrpt847&packageId=CRPT-104hrpt847&fromState=,104
https://www.gpo.gov/fdsys/search/pagedetails.action?sr=1&originalSearch=collection%3ACRPT&st=collection%3ACRPT&ps=100&na=_congressnum&se=_104true&sb=re&timeFrame=&dateBrowse=&govAuthBrowse=&collection=&historical=true&granuleId=CRPT-104hrpt853&packageId=CRPT-104hrpt853&fromState=,104
https://www.gpo.gov/fdsys/search/pagedetails.action?sr=1&originalSearch=collection%3ACRPT&st=collection%3ACRPT&ps=100&na=_congressnum&se=_104true&sb=re&timeFrame=&dateBrowse=&govAuthBrowse=&collection=&historical=true&granuleId=CRPT-104hrpt852&packageId=CRPT-104hrpt852&fromState=,104
https://www.gpo.gov/fdsys/search/pagedetails.action?sr=1&originalSearch=collection%3ACRPT&st=collection%3ACRPT&ps=100&na=_congressnum&se=_104true&sb=re&timeFrame=&dateBrowse=&govAuthBrowse=&collection=&historical=true&granuleId=CRPT-104srpt372&packageId=CRPT-104srpt372&fromState=,104
https://www.gpo.gov/fdsys/search/pagedetails.action?sr=1&originalSearch=collection%3ACRPT&st=collection%3ACRPT&ps=100&na=_congressnum&se=_104true&sb=re&timeFrame=&dateBrowse=&govAuthBrowse=&collection=&historical=true&granuleId=CRPT-104erpt35&packageId=CRPT-104erpt35&fromState=,104
https://www.gpo.gov/fdsys/search/pagedetails.action?sr=1&originalSearch=collection%3ACRPT&st=collection%3ACRPT&ps=100&na=_congressnum&se=_104true&sb=re&timeFrame=&dateBrowse=&govAuthBrowse=&collection=&historical=true&granuleId=CRPT-104hrpt842&packageId=CRPT-104hrpt842&fromState=,104
https://www.gpo.gov/fdsys/search/pagedetails.action?sr=1&originalSearch=collection%3ACRPT&st=collection%3ACRPT&ps=100&na=_congressnum&se=_104true&sb=re&timeFrame=&dateBrowse=&govAuthBrowse=&collection=&historical=true&granuleId=CRPT-104hrpt845-pt1&packageId=CRPT-104hrpt845&fromState=,104
https://www.gpo.gov/fdsys/search/pagedetails.action?sr=1&originalSearch=collection%3ACRPT&st=collection%3ACRPT&ps=100&na=_congressnum&se=_104true&sb=re&timeFrame=&dateBrowse=&govAuthBrowse=&collection=&historical=true&granuleId=CRPT-104erpt34&packageId=CRPT-104erpt34&fromState=,104
https://www.gpo.gov/fdsys/search/pagedetails.action?sr=1&originalSearch=collection%3ACRPT&st=collection%3ACRPT&ps=100&na=_congressnum&se=_104true&sb=re&timeFrame=&dateBrowse=&govAuthBrowse=&collection=&historical=true&granuleId=CRPT-104hrpt837-pt1&packageId=CRPT-104hrpt837&fromState=,104
https://www.gpo.gov/fdsys/search/pagedetails.action?sr=1&originalSearch=collection%3ACRPT&st=collection%3ACRPT&ps=100&na=_congressnum&se=_104true&sb=re&timeFrame=&dateBrowse=&govAuthBrowse=&collection=&historical=true&granuleId=CRPT-104hrpt841&packageId=CRPT-104hrpt841&fromState=,104
https://www.gpo.gov/fdsys/search/pagedetails.action?sr=1&originalSearch=collection%3ACRPT&st=collection%3ACRPT&ps=100&na=_congressnum&se=_104true&sb=re&timeFrame=&dateBrowse=&govAuthBrowse=&collection=&historical=true&granuleId=CRPT-104hrpt840-pt1&packageId=CRPT-104hrpt840&fromState=,104
https://www.gpo.gov/fdsys/search/pagedetails.action?sr=1&originalSearch=collection%3ACRPT&st=collection%3ACRPT&ps=100&na=_congressnum&se=_104true&sb=re&timeFrame=&dateBrowse=&govAuthBrowse=&collection=&historical=true&granuleId=CRPT-104hrpt843&packageId=CRPT-104hrpt843&fromState=,104
https://www.gpo.gov/fdsys/search/pagedetails.action?sr=1&originalSearch=collection%3ACRPT&st=collection%3ACRPT&ps=100&na=_congressnum&se=_104true&sb=re&timeFrame=&dateBrowse=&govAuthBrowse=&collection=&historical=true&granuleId=CRPT-104hrpt844-pt1&packageId=CRPT-104hrpt844&fromState=,104
https://www.gpo.gov/fdsys/search/pagedetails.action?sr=1&originalSearch=collection%3ACRPT&st=collection%3ACRPT&ps=100&na=_congressnum&se=_104true&sb=re&timeFrame=&dateBrowse=&govAuthBrowse=&collection=&historical=true&granuleId=CRPT-104erpt36&packageId=CRPT-104erpt36&fromState=,104
https://www.gpo.gov/fdsys/search/pagedetails.action?sr=1&originalSearch=collection%3ACRPT&st=collection%3ACRPT&ps=100&na=_congressnum&se=_104true&sb=re&timeFrame=&dateBrowse=&govAuthBrowse=&collection=&historical=true&granuleId=CRPT-104hrpt838&packageId=CRPT-104hrpt838&fromState=,104
https://www.gpo.gov/fdsys/search/pagedetails.action?sr=1&originalSearch=collection%3ACRPT&st=collection%3ACRPT&ps=100&na=_congressnum&se=_104true&sb=re&timeFrame=&dateBrowse=&govAuthBrowse=&collection=&historical=true&granuleId=CRPT-104hrpt839-pt1&packageId=CRPT-104hrpt839&fromState=,104
https://www.gpo.gov/fdsys/search/pagedetails.action?sr=1&originalSearch=collection%3ACRPT&st=collection%3ACRPT&ps=100&na=_congressnum&se=_104true&sb=re&timeFrame=&dateBrowse=&govAuthBrowse=&collection=&historical=true&granuleId=CRPT-104hrpt819-pt1&packageId=CRPT-104hrpt819&fromState=,104
https://www.gpo.gov/fdsys/search/pagedetails.action?sr=1&originalSearch=collection%3ACRPT&st=collection%3ACRPT&ps=100&na=_congressnum&se=_104true&sb=re&timeFrame=&dateBrowse=&govAuthBrowse=&collection=&historical=true&granuleId=CRPT-104hrpt825&packageId=CRPT-104hrpt825&fromState=,104
https://www.gpo.gov/fdsys/search/pagedetails.action?sr=1&originalSearch=collection%3ACRPT&st=collection%3ACRPT&ps=100&na=_congressnum&se=_104true&sb=re&timeFrame=&dateBrowse=&govAuthBrowse=&collection=&historical=true&granuleId=CRPT-104hrpt829&packageId=CRPT-104hrpt829&fromState=,104
https://www.gpo.gov/fdsys/search/pagedetails.action?sr=1&originalSearch=collection%3ACRPT&st=collection%3ACRPT&ps=100&na=_congressnum&se=_104true&sb=re&timeFrame=&dateBrowse=&govAuthBrowse=&collection=&historical=true&granuleId=CRPT-104hrpt824&packageId=CRPT-104hrpt824&fromState=,104
https://www.gpo.gov/fdsys/search/pagedetails.action?sr=1&originalSearch=collection%3ACRPT&st=collection%3ACRPT&ps=100&na=_congressnum&se=_104true&sb=re&timeFrame=&dateBrowse=&govAuthBrowse=&collection=&historical=true&granuleId=CRPT-104hrpt831&packageId=CRPT-104hrpt831&fromState=,104
https://www.gpo.gov/fdsys/search/pagedetails.action?sr=1&originalSearch=collection%3ACRPT&st=collection%3ACRPT&ps=100&na=_congressnum&se=_104true&sb=re&timeFrame=&dateBrowse=&govAuthBrowse=&collection=&historical=true&granuleId=CRPT-104hrpt833-pt1&packageId=CRPT-104hrpt833&fromState=,104
https://www.gpo.gov/fdsys/search/pagedetails.action?sr=1&originalSearch=collection%3ACRPT&st=collection%3ACRPT&ps=100&na=_congressnum&se=_104true&sb=re&timeFrame=&dateBrowse=&govAuthBrowse=&collection=&historical=true&granuleId=CRPT-104hrpt836&packageId=CRPT-104hrpt836&fromState=,104
https://www.gpo.gov/fdsys/search/pagedetails.action?sr=1&originalSearch=collection%3ACRPT&st=collection%3ACRPT&ps=100&na=_congressnum&se=_104true&sb=re&timeFrame=&dateBrowse=&govAuthBrowse=&collection=&historical=true&granuleId=CRPT-104hrpt834&packageId=CRPT-104hrpt834&fromState=,104
https://www.gpo.gov/fdsys/search/pagedetails.action?sr=1&originalSearch=collection%3ACRPT&st=collection%3ACRPT&ps=100&na=_congressnum&se=_104true&sb=re&timeFrame=&dateBrowse=&govAuthBrowse=&collection=&historical=true&granuleId=CRPT-104hrpt832&packageId=CRPT-104hrpt832&fromState=,104
https://www.gpo.gov/fdsys/search/pagedetails.action?sr=1&originalSearch=collection%3ACRPT&st=collection%3ACRPT&ps=100&na=_congressnum&se=_104true&sb=re&timeFrame=&dateBrowse=&govAuthBrowse=&collection=&historical=true&granuleId=CRPT-104hrpt827-pt1&packageId=CRPT-104hrpt827&fromState=,104
https://www.gpo.gov/fdsys/search/pagedetails.action?sr=1&originalSearch=collection%3ACRPT&st=collection%3ACRPT&ps=100&na=_congressnum&se=_104true&sb=re&timeFrame=&dateBrowse=&govAuthBrowse=&collection=&historical=true&granuleId=CRPT-104hrpt823&packageId=CRPT-104hrpt823&fromState=,104
https://www.gpo.gov/fdsys/search/pagedetails.action?sr=1&originalSearch=collection%3ACRPT&st=collection%3ACRPT&ps=100&na=_congressnum&se=_104true&sb=re&timeFrame=&dateBrowse=&govAuthBrowse=&collection=&historical=true&granuleId=CRPT-104hrpt821&packageId=CRPT-104hrpt821&fromState=,104
https://www.gpo.gov/fdsys/search/pagedetails.action?sr=1&originalSearch=collection%3ACRPT&st=collection%3ACRPT&ps=100&na=_congressnum&se=_104true&sb=re&timeFrame=&dateBrowse=&govAuthBrowse=&collection=&historical=true&granuleId=CRPT-104hrpt820-pt1&packageId=CRPT-104hrpt820&fromState=,104
https://www.gpo.gov/fdsys/search/pagedetails.action?sr=1&originalSearch=collection%3ACRPT&st=collection%3ACRPT&ps=100&na=_congressnum&se=_104true&sb=re&timeFrame=&dateBrowse=&govAuthBrowse=&collection=&historical=true&granuleId=CRPT-104hrpt830&packageId=CRPT-104hrpt830&fromState=,104
https://www.gpo.gov/fdsys/search/pagedetails.action?sr=1&originalSearch=collection%3ACRPT&st=collection%3ACRPT&ps=100&na=_congressnum&se=_104true&sb=re&timeFrame=&dateBrowse=&govAuthBrowse=&collection=&historical=true&granuleId=CRPT-104hrpt822-pt1&packageId=CRPT-104hrpt822&fromState=,104
https://www.gpo.gov/fdsys/search/pagedetails.action?sr=1&originalSearch=collection%3ACRPT&st=collection%3ACRPT&ps=100&na=_congressnum&se=_104true&sb=re&timeFrame=&dateBrowse=&govAuthBrowse=&collection=&historical=true&granuleId=CRPT-104hrpt826&packageId=CRPT-104hrpt826&fromState=,104
https://www.gpo.gov/fdsys/search/pagedetails.action?sr=1&originalSearch=collection%3ACRPT&st=collection%3ACRPT&ps=100&na=_congressnum&se=_104true&sb=re&timeFrame=&dateBrowse=&govAuthBrowse=&collection=&historical=true&granuleId=CRPT-104hrpt828&packageId=CRPT-104hrpt828&fromState=,104
https://www.gpo.gov/fdsys/search/pagedetails.action?sr=1&originalSearch=collection%3ACRPT&st=collection%3ACRPT&ps=100&na=_congressnum&se=_104true&sb=re&timeFrame=&dateBrowse=&govAuthBrowse=&collection=&historical=true&granuleId=CRPT-104hrpt835&packageId=CRPT-104hrpt835&fromState=,104
https://www.gpo.gov/fdsys/search/pagedetails.action?sr=1&originalSearch=collection%3ACRPT&st=collection%3ACRPT&ps=100&na=_congressnum&se=_104true&sb=re&timeFrame=&dateBrowse=&govAuthBrowse=&collection=&historical=true&granuleId=CRPT-104srpt371&packageId=CRPT-104srpt371&fromState=,104
https://www.gpo.gov/fdsys/search/pagedetails.action?sr=2&originalSearch=collection%3ACRPT&st=collection%3ACRPT&ps=100&na=_congressnum&se=_104true&sb=re&timeFrame=&dateBrowse=&govAuthBrowse=&collection=&historical=true&granuleId=CRPT-104hrpt817&packageId=CRPT-104hrpt817&fromState=,104
https://www.gpo.gov/fdsys/search/pagedetails.action?sr=2&originalSearch=collection%3ACRPT&st=collection%3ACRPT&ps=100&na=_congressnum&se=_104true&sb=re&timeFrame=&dateBrowse=&govAuthBrowse=&collection=&historical=true&granuleId=CRPT-104hrpt816&packageId=CRPT-104hrpt816&fromState=,104
https://www.gpo.gov/fdsys/search/pagedetails.action?sr=2&originalSearch=collection%3ACRPT&st=collection%3ACRPT&ps=100&na=_congressnum&se=_104true&sb=re&timeFrame=&dateBrowse=&govAuthBrowse=&collection=&historical=true&granuleId=CRPT-104hrpt818-pt1&packageId=CRPT-104hrpt818&fromState=,104
https://www.gpo.gov/fdsys/search/pagedetails.action?sr=2&originalSearch=collection%3ACRPT&st=collection%3ACRPT&ps=100&na=_congressnum&se=_104true&sb=re&timeFrame=&dateBrowse=&govAuthBrowse=&collection=&historical=true&granuleId=CRPT-104hrpt810&packageId=CRPT-104hrpt810&fromState=,104
https://www.gpo.gov/fdsys/search/pagedetails.action?sr=2&originalSearch=collection%3ACRPT&st=collection%3ACRPT&ps=100&na=_congressnum&se=_104true&sb=re&timeFrame=&dateBrowse=&govAuthBrowse=&collection=&historical=true&granuleId=CRPT-104hrpt814&packageId=CRPT-104hrpt814&fromState=,104
https://www.gpo.gov/fdsys/search/pagedetails.action?sr=2&originalSearch=collection%3ACRPT&st=collection%3ACRPT&ps=100&na=_congressnum&se=_104true&sb=re&timeFrame=&dateBrowse=&govAuthBrowse=&collection=&historical=true&granuleId=CRPT-104hrpt811&packageId=CRPT-104hrpt811&fromState=,104
https://www.gpo.gov/fdsys/search/pagedetails.action?sr=2&originalSearch=collection%3ACRPT&st=collection%3ACRPT&ps=100&na=_congressnum&se=_104true&sb=re&timeFrame=&dateBrowse=&govAuthBrowse=&collection=&historical=true&granuleId=CRPT-104hrpt815-pt1&packageId=CRPT-104hrpt815&fromState=,104
https://www.gpo.gov/fdsys/search/pagedetails.action?sr=2&originalSearch=collection%3ACRPT&st=collection%3ACRPT&ps=100&na=_congressnum&se=_104true&sb=re&timeFrame=&dateBrowse=&govAuthBrowse=&collection=&historical=true&granuleId=CRPT-104hrpt813&packageId=CRPT-104hrpt813&fromState=,104
https://www.gpo.gov/fdsys/search/pagedetails.action?sr=2&originalSearch=collection%3ACRPT&st=collection%3ACRPT&ps=100&na=_congressnum&se=_104true&sb=re&timeFrame=&dateBrowse=&govAuthBrowse=&collection=&historical=true&granuleId=CRPT-104hrpt809&packageId=CRPT-104hrpt809&fromState=,104
https://www.gpo.gov/fdsys/search/pagedetails.action?sr=2&originalSearch=collection%3ACRPT&st=collection%3ACRPT&ps=100&na=_congressnum&se=_104true&sb=re&timeFrame=&dateBrowse=&govAuthBrowse=&collection=&historical=true&granuleId=CRPT-104hrpt808&packageId=CRPT-104hrpt808&fromState=,104
https://www.gpo.gov/fdsys/search/pagedetails.action?sr=2&originalSearch=collection%3ACRPT&st=collection%3ACRPT&ps=100&na=_congressnum&se=_104true&sb=re&timeFrame=&dateBrowse=&govAuthBrowse=&collection=&historical=true&granuleId=CRPT-104hrpt807&packageId=CRPT-104hrpt807&fromState=,104
https://www.gpo.gov/fdsys/search/pagedetails.action?sr=2&originalSearch=collection%3ACRPT&st=collection%3ACRPT&ps=100&na=_congressnum&se=_104true&sb=re&timeFrame=&dateBrowse=&govAuthBrowse=&collection=&historical=true&granuleId=CRPT-104srpt370&packageId=CRPT-104srpt370&fromState=,104
https://www.gpo.gov/fdsys/search/pagedetails.action?sr=2&originalSearch=collection%3ACRPT&st=collection%3ACRPT&ps=100&na=_congressnum&se=_104true&sb=re&timeFrame=&dateBrowse=&govAuthBrowse=&collection=&historical=true&granuleId=CRPT-104hrpt791&packageId=CRPT-104hrpt791&fromState=,104
https://www.gpo.gov/fdsys/search/pagedetails.action?sr=2&originalSearch=collection%3ACRPT&st=collection%3ACRPT&ps=100&na=_congressnum&se=_104true&sb=re&timeFrame=&dateBrowse=&govAuthBrowse=&collection=&historical=true&granuleId=CRPT-104hrpt794&packageId=CRPT-104hrpt794&fromState=,104
https://www.gpo.gov/fdsys/search/pagedetails.action?sr=2&originalSearch=collection%3ACRPT&st=collection%3ACRPT&ps=100&na=_congressnum&se=_104true&sb=re&timeFrame=&dateBrowse=&govAuthBrowse=&collection=&historical=true&granuleId=CRPT-104hrpt798&packageId=CRPT-104hrpt798&fromState=,104
https://www.gpo.gov/fdsys/search/pagedetails.action?sr=2&originalSearch=collection%3ACRPT&st=collection%3ACRPT&ps=100&na=_congressnum&se=_104true&sb=re&timeFrame=&dateBrowse=&govAuthBrowse=&collection=&historical=true&granuleId=CRPT-104hrpt801-pt1&packageId=CRPT-104hrpt801&fromState=,104
https://www.gpo.gov/fdsys/search/pagedetails.action?sr=2&originalSearch=collection%3ACRPT&st=collection%3ACRPT&ps=100&na=_congressnum&se=_104true&sb=re&timeFrame=&dateBrowse=&govAuthBrowse=&collection=&historical=true&granuleId=CRPT-104hrpt802-pt1&packageId=CRPT-104hrpt802&fromState=,104
https://www.gpo.gov/fdsys/search/pagedetails.action?sr=2&originalSearch=collection%3ACRPT&st=collection%3ACRPT&ps=100&na=_congressnum&se=_104true&sb=re&timeFrame=&dateBrowse=&govAuthBrowse=&collection=&historical=true&granuleId=CRPT-104hrpt804-pt1&packageId=CRPT-104hrpt804&fromState=,104
https://www.gpo.gov/fdsys/search/pagedetails.action?sr=2&originalSearch=collection%3ACRPT&st=collection%3ACRPT&ps=100&na=_congressnum&se=_104true&sb=re&timeFrame=&dateBrowse=&govAuthBrowse=&collection=&historical=true&granuleId=CRPT-104hrpt806&packageId=CRPT-104hrpt806&fromState=,104
https://www.gpo.gov/fdsys/search/pagedetails.action?sr=2&originalSearch=collection%3ACRPT&st=collection%3ACRPT&ps=100&na=_congressnum&se=_104true&sb=re&timeFrame=&dateBrowse=&govAuthBrowse=&collection=&historical=true&granuleId=CRPT-104hrpt793&packageId=CRPT-104hrpt793&fromState=,104
https://www.gpo.gov/fdsys/search/pagedetails.action?sr=2&originalSearch=collection%3ACRPT&st=collection%3ACRPT&ps=100&na=_congressnum&se=_104true&sb=re&timeFrame=&dateBrowse=&govAuthBrowse=&collection=&historical=true&granuleId=CRPT-104hrpt795&packageId=CRPT-104hrpt795&fromState=,104
https://www.gpo.gov/fdsys/search/pagedetails.action?sr=2&originalSearch=collection%3ACRPT&st=collection%3ACRPT&ps=100&na=_congressnum&se=_104true&sb=re&timeFrame=&dateBrowse=&govAuthBrowse=&collection=&historical=true&granuleId=CRPT-104hrpt797&packageId=CRPT-104hrpt797&fromState=,104
https://www.gpo.gov/fdsys/search/pagedetails.action?sr=2&originalSearch=collection%3ACRPT&st=collection%3ACRPT&ps=100&na=_congressnum&se=_104true&sb=re&timeFrame=&dateBrowse=&govAuthBrowse=&collection=&historical=true&granuleId=CRPT-104hrpt799&packageId=CRPT-104hrpt799&fromState=,104
https://www.gpo.gov/fdsys/search/pagedetails.action?sr=2&originalSearch=collection%3ACRPT&st=collection%3ACRPT&ps=100&na=_congressnum&se=_104true&sb=re&timeFrame=&dateBrowse=&govAuthBrowse=&collection=&historical=true&granuleId=CRPT-104hrpt800&packageId=CRPT-104hrpt800&fromState=,104
https://www.gpo.gov/fdsys/search/pagedetails.action?sr=2&originalSearch=collection%3ACRPT&st=collection%3ACRPT&ps=100&na=_congressnum&se=_104true&sb=re&timeFrame=&dateBrowse=&govAuthBrowse=&collection=&historical=true&granuleId=CRPT-104hrpt796&packageId=CRPT-104hrpt796&fromState=,104
https://www.gpo.gov/fdsys/search/pagedetails.action?sr=2&originalSearch=collection%3ACRPT&st=collection%3ACRPT&ps=100&na=_congressnum&se=_104true&sb=re&timeFrame=&dateBrowse=&govAuthBrowse=&collection=&historical=true&granuleId=CRPT-104hrpt803&packageId=CRPT-104hrpt803&fromState=,104
https://www.gpo.gov/fdsys/search/pagedetails.action?sr=2&originalSearch=collection%3ACRPT&st=collection%3ACRPT&ps=100&na=_congressnum&se=_104true&sb=re&timeFrame=&dateBrowse=&govAuthBrowse=&collection=&historical=true&granuleId=CRPT-104hrpt792&packageId=CRPT-104hrpt792&fromState=,104
https://www.gpo.gov/fdsys/search/pagedetails.action?sr=2&originalSearch=collection%3ACRPT&st=collection%3ACRPT&ps=100&na=_congressnum&se=_104true&sb=re&timeFrame=&dateBrowse=&govAuthBrowse=&collection=&historical=true&granuleId=CRPT-104hrpt805&packageId=CRPT-104hrpt805&fromState=,104
https://www.gpo.gov/fdsys/search/pagedetails.action?sr=2&originalSearch=collection%3ACRPT&st=collection%3ACRPT&ps=100&na=_congressnum&se=_104true&sb=re&timeFrame=&dateBrowse=&govAuthBrowse=&collection=&historical=true&granuleId=CRPT-104hrpt789&packageId=CRPT-104hrpt789&fromState=,104
https://www.gpo.gov/fdsys/search/pagedetails.action?sr=2&originalSearch=collection%3ACRPT&st=collection%3ACRPT&ps=100&na=_congressnum&se=_104true&sb=re&timeFrame=&dateBrowse=&govAuthBrowse=&collection=&historical=true&granuleId=CRPT-104hrpt785&packageId=CRPT-104hrpt785&fromState=,104
https://www.gpo.gov/fdsys/search/pagedetails.action?sr=2&originalSearch=collection%3ACRPT&st=collection%3ACRPT&ps=100&na=_congressnum&se=_104true&sb=re&timeFrame=&dateBrowse=&govAuthBrowse=&collection=&historical=true&granuleId=CRPT-104srpt369&packageId=CRPT-104srpt369&fromState=,104
https://www.gpo.gov/fdsys/search/pagedetails.action?sr=2&originalSearch=collection%3ACRPT&st=collection%3ACRPT&ps=100&na=_congressnum&se=_104true&sb=re&timeFrame=&dateBrowse=&govAuthBrowse=&collection=&historical=true&granuleId=CRPT-104hrpt786&packageId=CRPT-104hrpt786&fromState=,104
https://www.gpo.gov/fdsys/search/pagedetails.action?sr=2&originalSearch=collection%3ACRPT&st=collection%3ACRPT&ps=100&na=_congressnum&se=_104true&sb=re&timeFrame=&dateBrowse=&govAuthBrowse=&collection=&historical=true&granuleId=CRPT-104hrpt787&packageId=CRPT-104hrpt787&fromState=,104
https://www.gpo.gov/fdsys/search/pagedetails.action?sr=2&originalSearch=collection%3ACRPT&st=collection%3ACRPT&ps=100&na=_congressnum&se=_104true&sb=re&timeFrame=&dateBrowse=&govAuthBrowse=&collection=&historical=true&granuleId=CRPT-104hrpt788&packageId=CRPT-104hrpt788&fromState=,104
https://www.gpo.gov/fdsys/search/pagedetails.action?sr=2&originalSearch=collection%3ACRPT&st=collection%3ACRPT&ps=100&na=_congressnum&se=_104true&sb=re&timeFrame=&dateBrowse=&govAuthBrowse=&collection=&historical=true&granuleId=CRPT-104hrpt790-pt1&packageId=CRPT-104hrpt790&fromState=,104
https://www.gpo.gov/fdsys/search/pagedetails.action?sr=2&originalSearch=collection%3ACRPT&st=collection%3ACRPT&ps=100&na=_congressnum&se=_104true&sb=re&timeFrame=&dateBrowse=&govAuthBrowse=&collection=&historical=true&granuleId=CRPT-104hrpt782&packageId=CRPT-104hrpt782&fromState=,104
https://www.gpo.gov/fdsys/search/pagedetails.action?sr=2&originalSearch=collection%3ACRPT&st=collection%3ACRPT&ps=100&na=_congressnum&se=_104true&sb=re&timeFrame=&dateBrowse=&govAuthBrowse=&collection=&historical=true&granuleId=CRPT-104hrpt784&packageId=CRPT-104hrpt784&fromState=,104
https://www.gpo.gov/fdsys/search/pagedetails.action?sr=2&originalSearch=collection%3ACRPT&st=collection%3ACRPT&ps=100&na=_congressnum&se=_104true&sb=re&timeFrame=&dateBrowse=&govAuthBrowse=&collection=&historical=true&granuleId=CRPT-104srpt368&packageId=CRPT-104srpt368&fromState=,104
https://www.gpo.gov/fdsys/search/pagedetails.action?sr=2&originalSearch=collection%3ACRPT&st=collection%3ACRPT&ps=100&na=_congressnum&se=_104true&sb=re&timeFrame=&dateBrowse=&govAuthBrowse=&collection=&historical=true&granuleId=CRPT-104hrpt783&packageId=CRPT-104hrpt783&fromState=,104
https://www.gpo.gov/fdsys/search/pagedetails.action?sr=2&originalSearch=collection%3ACRPT&st=collection%3ACRPT&ps=100&na=_congressnum&se=_104true&sb=re&timeFrame=&dateBrowse=&govAuthBrowse=&collection=&historical=true&granuleId=CRPT-104erpt33&packageId=CRPT-104erpt33&fromState=,104
https://www.gpo.gov/fdsys/search/pagedetails.action?sr=2&originalSearch=collection%3ACRPT&st=collection%3ACRPT&ps=100&na=_congressnum&se=_104true&sb=re&timeFrame=&dateBrowse=&govAuthBrowse=&collection=&historical=true&granuleId=CRPT-104hrpt780&packageId=CRPT-104hrpt780&fromState=,104
https://www.gpo.gov/fdsys/search/pagedetails.action?sr=2&originalSearch=collection%3ACRPT&st=collection%3ACRPT&ps=100&na=_congressnum&se=_104true&sb=re&timeFrame=&dateBrowse=&govAuthBrowse=&collection=&historical=true&granuleId=CRPT-104hrpt781&packageId=CRPT-104hrpt781&fromState=,104
https://www.gpo.gov/fdsys/search/pagedetails.action?sr=2&originalSearch=collection%3ACRPT&st=collection%3ACRPT&ps=100&na=_congressnum&se=_104true&sb=re&timeFrame=&dateBrowse=&govAuthBrowse=&collection=&historical=true&granuleId=CRPT-104srpt362&packageId=CRPT-104srpt362&fromState=,104
https://www.gpo.gov/fdsys/search/pagedetails.action?sr=2&originalSearch=collection%3ACRPT&st=collection%3ACRPT&ps=100&na=_congressnum&se=_104true&sb=re&timeFrame=&dateBrowse=&govAuthBrowse=&collection=&historical=true&granuleId=CRPT-104srpt367&packageId=CRPT-104srpt367&fromState=,104
https://www.gpo.gov/fdsys/search/pagedetails.action?sr=2&originalSearch=collection%3ACRPT&st=collection%3ACRPT&ps=100&na=_congressnum&se=_104true&sb=re&timeFrame=&dateBrowse=&govAuthBrowse=&collection=&historical=true&granuleId=CRPT-104srpt363&packageId=CRPT-104srpt363&fromState=,104
https://www.gpo.gov/fdsys/search/pagedetails.action?sr=2&originalSearch=collection%3ACRPT&st=collection%3ACRPT&ps=100&na=_congressnum&se=_104true&sb=re&timeFrame=&dateBrowse=&govAuthBrowse=&collection=&historical=true&granuleId=CRPT-104hrpt779&packageId=CRPT-104hrpt779&fromState=,104
https://www.gpo.gov/fdsys/search/pagedetails.action?sr=2&originalSearch=collection%3ACRPT&st=collection%3ACRPT&ps=100&na=_congressnum&se=_104true&sb=re&timeFrame=&dateBrowse=&govAuthBrowse=&collection=&historical=true&granuleId=CRPT-104srpt366&packageId=CRPT-104srpt366&fromState=,104
https://www.gpo.gov/fdsys/search/pagedetails.action?sr=2&originalSearch=collection%3ACRPT&st=collection%3ACRPT&ps=100&na=_congressnum&se=_104true&sb=re&timeFrame=&dateBrowse=&govAuthBrowse=&collection=&historical=true&granuleId=CRPT-104srpt364&packageId=CRPT-104srpt364&fromState=,104
https://www.gpo.gov/fdsys/search/pagedetails.action?sr=2&originalSearch=collection%3ACRPT&st=collection%3ACRPT&ps=100&na=_congressnum&se=_104true&sb=re&timeFrame=&dateBrowse=&govAuthBrowse=&collection=&historical=true&granuleId=CRPT-104srpt365&packageId=CRPT-104srpt365&fromState=,104
https://www.gpo.gov/fdsys/search/pagedetails.action?sr=2&originalSearch=collection%3ACRPT&st=collection%3ACRPT&ps=100&na=_congressnum&se=_104true&sb=re&timeFrame=&dateBrowse=&govAuthBrowse=&collection=&historical=true&granuleId=CRPT-104hrpt778-pt1&packageId=CRPT-104hrpt778&fromState=,104
https://www.gpo.gov/fdsys/search/pagedetails.action?sr=2&originalSearch=collection%3ACRPT&st=collection%3ACRPT&ps=100&na=_congressnum&se=_104true&sb=re&timeFrame=&dateBrowse=&govAuthBrowse=&collection=&historical=true&granuleId=CRPT-104hrpt776&packageId=CRPT-104hrpt776&fromState=,104
https://www.gpo.gov/fdsys/search/pagedetails.action?sr=2&originalSearch=collection%3ACRPT&st=collection%3ACRPT&ps=100&na=_congressnum&se=_104true&sb=re&timeFrame=&dateBrowse=&govAuthBrowse=&collection=&historical=true&granuleId=CRPT-104hrpt775&packageId=CRPT-104hrpt775&fromState=,104
https://www.gpo.gov/fdsys/search/pagedetails.action?sr=2&originalSearch=collection%3ACRPT&st=collection%3ACRPT&ps=100&na=_congressnum&se=_104true&sb=re&timeFrame=&dateBrowse=&govAuthBrowse=&collection=&historical=true&granuleId=CRPT-104hrpt777&packageId=CRPT-104hrpt777&fromState=,104
https://www.gpo.gov/fdsys/search/pagedetails.action?sr=2&originalSearch=collection%3ACRPT&st=collection%3ACRPT&ps=100&na=_congressnum&se=_104true&sb=re&timeFrame=&dateBrowse=&govAuthBrowse=&collection=&historical=true&granuleId=CRPT-104hrpt760&packageId=CRPT-104hrpt760&fromState=,104
https://www.gpo.gov/fdsys/search/pagedetails.action?sr=2&originalSearch=collection%3ACRPT&st=collection%3ACRPT&ps=100&na=_congressnum&se=_104true&sb=re&timeFrame=&dateBrowse=&govAuthBrowse=&collection=&historical=true&granuleId=CRPT-104hrpt764&packageId=CRPT-104hrpt764&fromState=,104
https://www.gpo.gov/fdsys/search/pagedetails.action?sr=2&originalSearch=collection%3ACRPT&st=collection%3ACRPT&ps=100&na=_congressnum&se=_104true&sb=re&timeFrame=&dateBrowse=&govAuthBrowse=&collection=&historical=true&granuleId=CRPT-104hrpt773&packageId=CRPT-104hrpt773&fromState=,104
https://www.gpo.gov/fdsys/search/pagedetails.action?sr=2&originalSearch=collection%3ACRPT&st=collection%3ACRPT&ps=100&na=_congressnum&se=_104true&sb=re&timeFrame=&dateBrowse=&govAuthBrowse=&collection=&historical=true&granuleId=CRPT-104hrpt757&packageId=CRPT-104hrpt757&fromState=,104
https://www.gpo.gov/fdsys/search/pagedetails.action?sr=2&originalSearch=collection%3ACRPT&st=collection%3ACRPT&ps=100&na=_congressnum&se=_104true&sb=re&timeFrame=&dateBrowse=&govAuthBrowse=&collection=&historical=true&granuleId=CRPT-104hrpt761-pt1&packageId=CRPT-104hrpt761&fromState=,104
https://www.gpo.gov/fdsys/search/pagedetails.action?sr=2&originalSearch=collection%3ACRPT&st=collection%3ACRPT&ps=100&na=_congressnum&se=_104true&sb=re&timeFrame=&dateBrowse=&govAuthBrowse=&collection=&historical=true&granuleId=CRPT-104hrpt766&packageId=CRPT-104hrpt766&fromState=,104
https://www.gpo.gov/fdsys/search/pagedetails.action?sr=2&originalSearch=collection%3ACRPT&st=collection%3ACRPT&ps=100&na=_congressnum&se=_104true&sb=re&timeFrame=&dateBrowse=&govAuthBrowse=&collection=&historical=true&granuleId=CRPT-104hrpt767&packageId=CRPT-104hrpt767&fromState=,104
https://www.gpo.gov/fdsys/search/pagedetails.action?sr=2&originalSearch=collection%3ACRPT&st=collection%3ACRPT&ps=100&na=_congressnum&se=_104true&sb=re&timeFrame=&dateBrowse=&govAuthBrowse=&collection=&historical=true&granuleId=CRPT-104hrpt758&packageId=CRPT-104hrpt758&fromState=,104
https://www.gpo.gov/fdsys/search/pagedetails.action?sr=2&originalSearch=collection%3ACRPT&st=collection%3ACRPT&ps=100&na=_congressnum&se=_104true&sb=re&timeFrame=&dateBrowse=&govAuthBrowse=&collection=&historical=true&granuleId=CRPT-104hrpt765&packageId=CRPT-104hrpt765&fromState=,104
https://www.gpo.gov/fdsys/search/pagedetails.action?sr=2&originalSearch=collection%3ACRPT&st=collection%3ACRPT&ps=100&na=_congressnum&se=_104true&sb=re&timeFrame=&dateBrowse=&govAuthBrowse=&collection=&historical=true&granuleId=CRPT-104hrpt759&packageId=CRPT-104hrpt759&fromState=,104
https://www.gpo.gov/fdsys/search/pagedetails.action?sr=2&originalSearch=collection%3ACRPT&st=collection%3ACRPT&ps=100&na=_congressnum&se=_104true&sb=re&timeFrame=&dateBrowse=&govAuthBrowse=&collection=&historical=true&granuleId=CRPT-104hrpt768&packageId=CRPT-104hrpt768&fromState=,104
https://www.gpo.gov/fdsys/search/pagedetails.action?sr=2&originalSearch=collection%3ACRPT&st=collection%3ACRPT&ps=100&na=_congressnum&se=_104true&sb=re&timeFrame=&dateBrowse=&govAuthBrowse=&collection=&historical=true&granuleId=CRPT-104hrpt772-pt1&packageId=CRPT-104hrpt772&fromState=,104
https://www.gpo.gov/fdsys/search/pagedetails.action?sr=2&originalSearch=collection%3ACRPT&st=collection%3ACRPT&ps=100&na=_congressnum&se=_104true&sb=re&timeFrame=&dateBrowse=&govAuthBrowse=&collection=&historical=true&granuleId=CRPT-104hrpt755&packageId=CRPT-104hrpt755&fromState=,104
https://www.gpo.gov/fdsys/search/pagedetails.action?sr=2&originalSearch=collection%3ACRPT&st=collection%3ACRPT&ps=100&na=_congressnum&se=_104true&sb=re&timeFrame=&dateBrowse=&govAuthBrowse=&collection=&historical=true&granuleId=CRPT-104hrpt763&packageId=CRPT-104hrpt763&fromState=,104
https://www.gpo.gov/fdsys/search/pagedetails.action?sr=2&originalSearch=collection%3ACRPT&st=collection%3ACRPT&ps=100&na=_congressnum&se=_104true&sb=re&timeFrame=&dateBrowse=&govAuthBrowse=&collection=&historical=true&granuleId=CRPT-104hrpt769&packageId=CRPT-104hrpt769&fromState=,104
https://www.gpo.gov/fdsys/search/pagedetails.action?sr=2&originalSearch=collection%3ACRPT&st=collection%3ACRPT&ps=100&na=_congressnum&se=_104true&sb=re&timeFrame=&dateBrowse=&govAuthBrowse=&collection=&historical=true&granuleId=CRPT-104hrpt770&packageId=CRPT-104hrpt770&fromState=,104
https://www.gpo.gov/fdsys/search/pagedetails.action?sr=2&originalSearch=collection%3ACRPT&st=collection%3ACRPT&ps=100&na=_congressnum&se=_104true&sb=re&timeFrame=&dateBrowse=&govAuthBrowse=&collection=&historical=true&granuleId=CRPT-104hrpt774&packageId=CRPT-104hrpt774&fromState=,104
https://www.gpo.gov/fdsys/search/pagedetails.action?sr=2&originalSearch=collection%3ACRPT&st=collection%3ACRPT&ps=100&na=_congressnum&se=_104true&sb=re&timeFrame=&dateBrowse=&govAuthBrowse=&collection=&historical=true&granuleId=CRPT-104hrpt762&packageId=CRPT-104hrpt762&fromState=,104
https://www.gpo.gov/fdsys/search/pagedetails.action?sr=2&originalSearch=collection%3ACRPT&st=collection%3ACRPT&ps=100&na=_congressnum&se=_104true&sb=re&timeFrame=&dateBrowse=&govAuthBrowse=&collection=&historical=true&granuleId=CRPT-104hrpt756&packageId=CRPT-104hrpt756&fromState=,104
https://www.gpo.gov/fdsys/search/pagedetails.action?sr=2&originalSearch=collection%3ACRPT&st=collection%3ACRPT&ps=100&na=_congressnum&se=_104true&sb=re&timeFrame=&dateBrowse=&govAuthBrowse=&collection=&historical=true&granuleId=CRPT-104srpt360&packageId=CRPT-104srpt360&fromState=,104
https://www.gpo.gov/fdsys/search/pagedetails.action?sr=2&originalSearch=collection%3ACRPT&st=collection%3ACRPT&ps=100&na=_congressnum&se=_104true&sb=re&timeFrame=&dateBrowse=&govAuthBrowse=&collection=&historical=true&granuleId=CRPT-104srpt361&packageId=CRPT-104srpt361&fromState=,104
https://www.gpo.gov/fdsys/search/pagedetails.action?sr=2&originalSearch=collection%3ACRPT&st=collection%3ACRPT&ps=100&na=_congressnum&se=_104true&sb=re&timeFrame=&dateBrowse=&govAuthBrowse=&collection=&historical=true&granuleId=CRPT-104srpt355&packageId=CRPT-104srpt355&fromState=,104
https://www.gpo.gov/fdsys/search/pagedetails.action?sr=2&originalSearch=collection%3ACRPT&st=collection%3ACRPT&ps=100&na=_congressnum&se=_104true&sb=re&timeFrame=&dateBrowse=&govAuthBrowse=&collection=&historical=true&granuleId=CRPT-104srpt353&packageId=CRPT-104srpt353&fromState=,104
https://www.gpo.gov/fdsys/search/pagedetails.action?sr=2&originalSearch=collection%3ACRPT&st=collection%3ACRPT&ps=100&na=_congressnum&se=_104true&sb=re&timeFrame=&dateBrowse=&govAuthBrowse=&collection=&historical=true&granuleId=CRPT-104srpt359&packageId=CRPT-104srpt359&fromState=,104
https://www.gpo.gov/fdsys/search/pagedetails.action?sr=2&originalSearch=collection%3ACRPT&st=collection%3ACRPT&ps=100&na=_congressnum&se=_104true&sb=re&timeFrame=&dateBrowse=&govAuthBrowse=&collection=&historical=true&granuleId=CRPT-104srpt354&packageId=CRPT-104srpt354&fromState=,104
https://www.gpo.gov/fdsys/search/pagedetails.action?sr=2&originalSearch=collection%3ACRPT&st=collection%3ACRPT&ps=100&na=_congressnum&se=_104true&sb=re&timeFrame=&dateBrowse=&govAuthBrowse=&collection=&historical=true&granuleId=CRPT-104srpt352&packageId=CRPT-104srpt352&fromState=,104
https://www.gpo.gov/fdsys/search/pagedetails.action?sr=2&originalSearch=collection%3ACRPT&st=collection%3ACRPT&ps=100&na=_congressnum&se=_104true&sb=re&timeFrame=&dateBrowse=&govAuthBrowse=&collection=&historical=true&granuleId=CRPT-104srpt356&packageId=CRPT-104srpt356&fromState=,104
https://www.gpo.gov/fdsys/search/pagedetails.action?sr=2&originalSearch=collection%3ACRPT&st=collection%3ACRPT&ps=100&na=_congressnum&se=_104true&sb=re&timeFrame=&dateBrowse=&govAuthBrowse=&collection=&historical=true&granuleId=CRPT-104srpt357&packageId=CRPT-104srpt357&fromState=,104
https://www.gpo.gov/fdsys/search/pagedetails.action?sr=2&originalSearch=collection%3ACRPT&st=collection%3ACRPT&ps=100&na=_congressnum&se=_104true&sb=re&timeFrame=&dateBrowse=&govAuthBrowse=&collection=&historical=true&granuleId=CRPT-104srpt358&packageId=CRPT-104srpt358&fromState=,104
https://www.gpo.gov/fdsys/search/pagedetails.action?sr=2&originalSearch=collection%3ACRPT&st=collection%3ACRPT&ps=100&na=_congressnum&se=_104true&sb=re&timeFrame=&dateBrowse=&govAuthBrowse=&collection=&historical=true&granuleId=CRPT-104hrpt748&packageId=CRPT-104hrpt748&fromState=,104
https://www.gpo.gov/fdsys/search/pagedetails.action?sr=2&originalSearch=collection%3ACRPT&st=collection%3ACRPT&ps=100&na=_congressnum&se=_104true&sb=re&timeFrame=&dateBrowse=&govAuthBrowse=&collection=&historical=true&granuleId=CRPT-104srpt351&packageId=CRPT-104srpt351&fromState=,104
https://www.gpo.gov/fdsys/search/pagedetails.action?sr=2&originalSearch=collection%3ACRPT&st=collection%3ACRPT&ps=100&na=_congressnum&se=_104true&sb=re&timeFrame=&dateBrowse=&govAuthBrowse=&collection=&historical=true&granuleId=CRPT-104hrpt744&packageId=CRPT-104hrpt744&fromState=,104
https://www.gpo.gov/fdsys/search/pagedetails.action?sr=2&originalSearch=collection%3ACRPT&st=collection%3ACRPT&ps=100&na=_congressnum&se=_104true&sb=re&timeFrame=&dateBrowse=&govAuthBrowse=&collection=&historical=true&granuleId=CRPT-104hrpt745&packageId=CRPT-104hrpt745&fromState=,104
https://www.gpo.gov/fdsys/search/pagedetails.action?sr=2&originalSearch=collection%3ACRPT&st=collection%3ACRPT&ps=100&na=_congressnum&se=_104true&sb=re&timeFrame=&dateBrowse=&govAuthBrowse=&collection=&historical=true&granuleId=CRPT-104hrpt746&packageId=CRPT-104hrpt746&fromState=,104
https://www.gpo.gov/fdsys/search/pagedetails.action?sr=2&originalSearch=collection%3ACRPT&st=collection%3ACRPT&ps=100&na=_congressnum&se=_104true&sb=re&timeFrame=&dateBrowse=&govAuthBrowse=&collection=&historical=true&granuleId=CRPT-104hrpt749&packageId=CRPT-104hrpt749&fromState=,104
https://www.gpo.gov/fdsys/search/pagedetails.action?sr=2&originalSearch=collection%3ACRPT&st=collection%3ACRPT&ps=100&na=_congressnum&se=_104true&sb=re&timeFrame=&dateBrowse=&govAuthBrowse=&collection=&historical=true&granuleId=CRPT-104srpt350&packageId=CRPT-104srpt350&fromState=,104
https://www.gpo.gov/fdsys/search/pagedetails.action?sr=2&originalSearch=collection%3ACRPT&st=collection%3ACRPT&ps=100&na=_congressnum&se=_104true&sb=re&timeFrame=&dateBrowse=&govAuthBrowse=&collection=&historical=true&granuleId=CRPT-104hrpt753&packageId=CRPT-104hrpt753&fromState=,104
https://www.gpo.gov/fdsys/search/pagedetails.action?sr=2&originalSearch=collection%3ACRPT&st=collection%3ACRPT&ps=100&na=_congressnum&se=_104true&sb=re&timeFrame=&dateBrowse=&govAuthBrowse=&collection=&historical=true&granuleId=CRPT-104hrpt751&packageId=CRPT-104hrpt751&fromState=,104
https://www.gpo.gov/fdsys/search/pagedetails.action?sr=2&originalSearch=collection%3ACRPT&st=collection%3ACRPT&ps=100&na=_congressnum&se=_104true&sb=re&timeFrame=&dateBrowse=&govAuthBrowse=&collection=&historical=true&granuleId=CRPT-104hrpt747&packageId=CRPT-104hrpt747&fromState=,104
https://www.gpo.gov/fdsys/search/pagedetails.action?sr=2&originalSearch=collection%3ACRPT&st=collection%3ACRPT&ps=100&na=_congressnum&se=_104true&sb=re&timeFrame=&dateBrowse=&govAuthBrowse=&collection=&historical=true&granuleId=CRPT-104hrpt752&packageId=CRPT-104hrpt752&fromState=,104
https://www.gpo.gov/fdsys/search/pagedetails.action?sr=2&originalSearch=collection%3ACRPT&st=collection%3ACRPT&ps=100&na=_congressnum&se=_104true&sb=re&timeFrame=&dateBrowse=&govAuthBrowse=&collection=&historical=true&granuleId=CRPT-104hrpt750&packageId=CRPT-104hrpt750&fromState=,104
https://www.gpo.gov/fdsys/search/pagedetails.action?sr=2&originalSearch=collection%3ACRPT&st=collection%3ACRPT&ps=100&na=_congressnum&se=_104true&sb=re&timeFrame=&dateBrowse=&govAuthBrowse=&collection=&historical=true&granuleId=CRPT-104hrpt754&packageId=CRPT-104hrpt754&fromState=,104
https://www.gpo.gov/fdsys/search/pagedetails.action?sr=2&originalSearch=collection%3ACRPT&st=collection%3ACRPT&ps=100&na=_congressnum&se=_104true&sb=re&timeFrame=&dateBrowse=&govAuthBrowse=&collection=&historical=true&granuleId=CRPT-104hrpt741&packageId=CRPT-104hrpt741&fromState=,104
https://www.gpo.gov/fdsys/search/pagedetails.action?sr=2&originalSearch=collection%3ACRPT&st=collection%3ACRPT&ps=100&na=_congressnum&se=_104true&sb=re&timeFrame=&dateBrowse=&govAuthBrowse=&collection=&historical=true&granuleId=CRPT-104srpt349&packageId=CRPT-104srpt349&fromState=,104
https://www.gpo.gov/fdsys/search/pagedetails.action?sr=2&originalSearch=collection%3ACRPT&st=collection%3ACRPT&ps=100&na=_congressnum&se=_104true&sb=re&timeFrame=&dateBrowse=&govAuthBrowse=&collection=&historical=true&granuleId=CRPT-104hrpt743&packageId=CRPT-104hrpt743&fromState=,104
https://www.gpo.gov/fdsys/search/pagedetails.action?sr=2&originalSearch=collection%3ACRPT&st=collection%3ACRPT&ps=100&na=_congressnum&se=_104true&sb=re&timeFrame=&dateBrowse=&govAuthBrowse=&collection=&historical=true&granuleId=CRPT-104hrpt737&packageId=CRPT-104hrpt737&fromState=,104
https://www.gpo.gov/fdsys/search/pagedetails.action?sr=2&originalSearch=collection%3ACRPT&st=collection%3ACRPT&ps=100&na=_congressnum&se=_104true&sb=re&timeFrame=&dateBrowse=&govAuthBrowse=&collection=&historical=true&granuleId=CRPT-104hrpt738&packageId=CRPT-104hrpt738&fromState=,104
https://www.gpo.gov/fdsys/search/pagedetails.action?sr=3&originalSearch=collection%3ACRPT&st=collection%3ACRPT&ps=100&na=_congressnum&se=_104true&sb=re&timeFrame=&dateBrowse=&govAuthBrowse=&collection=&historical=true&granuleId=CRPT-104srpt349&packageId=CRPT-104srpt349&fromState=,104
https://www.gpo.gov/fdsys/search/pagedetails.action?sr=3&originalSearch=collection%3ACRPT&st=collection%3ACRPT&ps=100&na=_congressnum&se=_104true&sb=re&timeFrame=&dateBrowse=&govAuthBrowse=&collection=&historical=true&granuleId=CRPT-104srpt348&packageId=CRPT-104srpt348&fromState=,104
https://www.gpo.gov/fdsys/search/pagedetails.action?sr=3&originalSearch=collection%3ACRPT&st=collection%3ACRPT&ps=100&na=_congressnum&se=_104true&sb=re&timeFrame=&dateBrowse=&govAuthBrowse=&collection=&historical=true&granuleId=CRPT-104hrpt742-pt1&packageId=CRPT-104hrpt742&fromState=,104
https://www.gpo.gov/fdsys/search/pagedetails.action?sr=3&originalSearch=collection%3ACRPT&st=collection%3ACRPT&ps=100&na=_congressnum&se=_104true&sb=re&timeFrame=&dateBrowse=&govAuthBrowse=&collection=&historical=true&granuleId=CRPT-104srpt347&packageId=CRPT-104srpt347&fromState=,104
https://www.gpo.gov/fdsys/search/pagedetails.action?sr=3&originalSearch=collection%3ACRPT&st=collection%3ACRPT&ps=100&na=_congressnum&se=_104true&sb=re&timeFrame=&dateBrowse=&govAuthBrowse=&collection=&historical=true&granuleId=CRPT-104hrpt739&packageId=CRPT-104hrpt739&fromState=,104
https://www.gpo.gov/fdsys/search/pagedetails.action?sr=3&originalSearch=collection%3ACRPT&st=collection%3ACRPT&ps=100&na=_congressnum&se=_104true&sb=re&timeFrame=&dateBrowse=&govAuthBrowse=&collection=&historical=true&granuleId=CRPT-104srpt342&packageId=CRPT-104srpt342&fromState=,104
https://www.gpo.gov/fdsys/search/pagedetails.action?sr=3&originalSearch=collection%3ACRPT&st=collection%3ACRPT&ps=100&na=_congressnum&se=_104true&sb=re&timeFrame=&dateBrowse=&govAuthBrowse=&collection=&historical=true&granuleId=CRPT-104hrpt731&packageId=CRPT-104hrpt731&fromState=,104
https://www.gpo.gov/fdsys/search/pagedetails.action?sr=3&originalSearch=collection%3ACRPT&st=collection%3ACRPT&ps=100&na=_congressnum&se=_104true&sb=re&timeFrame=&dateBrowse=&govAuthBrowse=&collection=&historical=true&granuleId=CRPT-104hrpt732&packageId=CRPT-104hrpt732&fromState=,104
https://www.gpo.gov/fdsys/search/pagedetails.action?sr=3&originalSearch=collection%3ACRPT&st=collection%3ACRPT&ps=100&na=_congressnum&se=_104true&sb=re&timeFrame=&dateBrowse=&govAuthBrowse=&collection=&historical=true&granuleId=CRPT-104hrpt733&packageId=CRPT-104hrpt733&fromState=,104
https://www.gpo.gov/fdsys/search/pagedetails.action?sr=3&originalSearch=collection%3ACRPT&st=collection%3ACRPT&ps=100&na=_congressnum&se=_104true&sb=re&timeFrame=&dateBrowse=&govAuthBrowse=&collection=&historical=true&granuleId=CRPT-104hrpt734&packageId=CRPT-104hrpt734&fromState=,104
https://www.gpo.gov/fdsys/search/pagedetails.action?sr=3&originalSearch=collection%3ACRPT&st=collection%3ACRPT&ps=100&na=_congressnum&se=_104true&sb=re&timeFrame=&dateBrowse=&govAuthBrowse=&collection=&historical=true&granuleId=CRPT-104hrpt736&packageId=CRPT-104hrpt736&fromState=,104
https://www.gpo.gov/fdsys/search/pagedetails.action?sr=3&originalSearch=collection%3ACRPT&st=collection%3ACRPT&ps=100&na=_congressnum&se=_104true&sb=re&timeFrame=&dateBrowse=&govAuthBrowse=&collection=&historical=true&granuleId=CRPT-104hrpt735&packageId=CRPT-104hrpt735&fromState=,104
https://www.gpo.gov/fdsys/search/pagedetails.action?sr=3&originalSearch=collection%3ACRPT&st=collection%3ACRPT&ps=100&na=_congressnum&se=_104true&sb=re&timeFrame=&dateBrowse=&govAuthBrowse=&collection=&historical=true&granuleId=CRPT-104hrpt729&packageId=CRPT-104hrpt729&fromState=,104
https://www.gpo.gov/fdsys/search/pagedetails.action?sr=3&originalSearch=collection%3ACRPT&st=collection%3ACRPT&ps=100&na=_congressnum&se=_104true&sb=re&timeFrame=&dateBrowse=&govAuthBrowse=&collection=&historical=true&granuleId=CRPT-104hrpt730&packageId=CRPT-104hrpt730&fromState=,104
https://www.gpo.gov/fdsys/search/pagedetails.action?sr=3&originalSearch=collection%3ACRPT&st=collection%3ACRPT&ps=100&na=_congressnum&se=_104true&sb=re&timeFrame=&dateBrowse=&govAuthBrowse=&collection=&historical=true&granuleId=CRPT-104srpt340&packageId=CRPT-104srpt340&fromState=,104
https://www.gpo.gov/fdsys/search/pagedetails.action?sr=3&originalSearch=collection%3ACRPT&st=collection%3ACRPT&ps=100&na=_congressnum&se=_104true&sb=re&timeFrame=&dateBrowse=&govAuthBrowse=&collection=&historical=true&granuleId=CRPT-104srpt344&packageId=CRPT-104srpt344&fromState=,104
https://www.gpo.gov/fdsys/search/pagedetails.action?sr=3&originalSearch=collection%3ACRPT&st=collection%3ACRPT&ps=100&na=_congressnum&se=_104true&sb=re&timeFrame=&dateBrowse=&govAuthBrowse=&collection=&historical=true&granuleId=CRPT-104srpt346&packageId=CRPT-104srpt346&fromState=,104
https://www.gpo.gov/fdsys/search/pagedetails.action?sr=3&originalSearch=collection%3ACRPT&st=collection%3ACRPT&ps=100&na=_congressnum&se=_104true&sb=re&timeFrame=&dateBrowse=&govAuthBrowse=&collection=&historical=true&granuleId=CRPT-104hrpt727&packageId=CRPT-104hrpt727&fromState=,104
https://www.gpo.gov/fdsys/search/pagedetails.action?sr=3&originalSearch=collection%3ACRPT&st=collection%3ACRPT&ps=100&na=_congressnum&se=_104true&sb=re&timeFrame=&dateBrowse=&govAuthBrowse=&collection=&historical=true&granuleId=CRPT-104srpt345&packageId=CRPT-104srpt345&fromState=,104
https://www.gpo.gov/fdsys/search/pagedetails.action?sr=3&originalSearch=collection%3ACRPT&st=collection%3ACRPT&ps=100&na=_congressnum&se=_104true&sb=re&timeFrame=&dateBrowse=&govAuthBrowse=&collection=&historical=true&granuleId=CRPT-104hrpt728&packageId=CRPT-104hrpt728&fromState=,104
https://www.gpo.gov/fdsys/search/pagedetails.action?sr=3&originalSearch=collection%3ACRPT&st=collection%3ACRPT&ps=100&na=_congressnum&se=_104true&sb=re&timeFrame=&dateBrowse=&govAuthBrowse=&collection=&historical=true&granuleId=CRPT-104srpt343&packageId=CRPT-104srpt343&fromState=,104
https://www.gpo.gov/fdsys/search/pagedetails.action?sr=3&originalSearch=collection%3ACRPT&st=collection%3ACRPT&ps=100&na=_congressnum&se=_104true&sb=re&timeFrame=&dateBrowse=&govAuthBrowse=&collection=&historical=true&granuleId=CRPT-104srpt341&packageId=CRPT-104srpt341&fromState=,104
https://www.gpo.gov/fdsys/search/pagedetails.action?sr=3&originalSearch=collection%3ACRPT&st=collection%3ACRPT&ps=100&na=_congressnum&se=_104true&sb=re&timeFrame=&dateBrowse=&govAuthBrowse=&collection=&historical=true&granuleId=CRPT-104erpt28&packageId=CRPT-104erpt28&fromState=,104
https://www.gpo.gov/fdsys/search/pagedetails.action?sr=3&originalSearch=collection%3ACRPT&st=collection%3ACRPT&ps=100&na=_congressnum&se=_104true&sb=re&timeFrame=&dateBrowse=&govAuthBrowse=&collection=&historical=true&granuleId=CRPT-104hrpt726&packageId=CRPT-104hrpt726&fromState=,104
https://www.gpo.gov/fdsys/search/pagedetails.action?sr=3&originalSearch=collection%3ACRPT&st=collection%3ACRPT&ps=100&na=_congressnum&se=_104true&sb=re&timeFrame=&dateBrowse=&govAuthBrowse=&collection=&historical=true&granuleId=CRPT-104erpt25&packageId=CRPT-104erpt25&fromState=,104
https://www.gpo.gov/fdsys/search/pagedetails.action?sr=3&originalSearch=collection%3ACRPT&st=collection%3ACRPT&ps=100&na=_congressnum&se=_104true&sb=re&timeFrame=&dateBrowse=&govAuthBrowse=&collection=&historical=true&granuleId=CRPT-104erpt31&packageId=CRPT-104erpt31&fromState=,104
https://www.gpo.gov/fdsys/search/pagedetails.action?sr=3&originalSearch=collection%3ACRPT&st=collection%3ACRPT&ps=100&na=_congressnum&se=_104true&sb=re&timeFrame=&dateBrowse=&govAuthBrowse=&collection=&historical=true&granuleId=CRPT-104hrpt722&packageId=CRPT-104hrpt722&fromState=,104
https://www.gpo.gov/fdsys/search/pagedetails.action?sr=3&originalSearch=collection%3ACRPT&st=collection%3ACRPT&ps=100&na=_congressnum&se=_104true&sb=re&timeFrame=&dateBrowse=&govAuthBrowse=&collection=&historical=true&granuleId=CRPT-104hrpt719&packageId=CRPT-104hrpt719&fromState=,104
https://www.gpo.gov/fdsys/search/pagedetails.action?sr=3&originalSearch=collection%3ACRPT&st=collection%3ACRPT&ps=100&na=_congressnum&se=_104true&sb=re&timeFrame=&dateBrowse=&govAuthBrowse=&collection=&historical=true&granuleId=CRPT-104hrpt721&packageId=CRPT-104hrpt721&fromState=,104
https://www.gpo.gov/fdsys/search/pagedetails.action?sr=3&originalSearch=collection%3ACRPT&st=collection%3ACRPT&ps=100&na=_congressnum&se=_104true&sb=re&timeFrame=&dateBrowse=&govAuthBrowse=&collection=&historical=true&granuleId=CRPT-104hrpt720&packageId=CRPT-104hrpt720&fromState=,104
https://www.gpo.gov/fdsys/search/pagedetails.action?sr=3&originalSearch=collection%3ACRPT&st=collection%3ACRPT&ps=100&na=_congressnum&se=_104true&sb=re&timeFrame=&dateBrowse=&govAuthBrowse=&collection=&historical=true&granuleId=CRPT-104erpt23&packageId=CRPT-104erpt23&fromState=,104
https://www.gpo.gov/fdsys/search/pagedetails.action?sr=3&originalSearch=collection%3ACRPT&st=collection%3ACRPT&ps=100&na=_congressnum&se=_104true&sb=re&timeFrame=&dateBrowse=&govAuthBrowse=&collection=&historical=true&granuleId=CRPT-104erpt30&packageId=CRPT-104erpt30&fromState=,104
https://www.gpo.gov/fdsys/search/pagedetails.action?sr=3&originalSearch=collection%3ACRPT&st=collection%3ACRPT&ps=100&na=_congressnum&se=_104true&sb=re&timeFrame=&dateBrowse=&govAuthBrowse=&collection=&historical=true&granuleId=CRPT-104srpt339&packageId=CRPT-104srpt339&fromState=,104
https://www.gpo.gov/fdsys/search/pagedetails.action?sr=3&originalSearch=collection%3ACRPT&st=collection%3ACRPT&ps=100&na=_congressnum&se=_104true&sb=re&timeFrame=&dateBrowse=&govAuthBrowse=&collection=&historical=true&granuleId=CRPT-104erpt22&packageId=CRPT-104erpt22&fromState=,104
https://www.gpo.gov/fdsys/search/pagedetails.action?sr=3&originalSearch=collection%3ACRPT&st=collection%3ACRPT&ps=100&na=_congressnum&se=_104true&sb=re&timeFrame=&dateBrowse=&govAuthBrowse=&collection=&historical=true&granuleId=CRPT-104erpt32&packageId=CRPT-104erpt32&fromState=,104
